tile_name,pixel_x,pixel_y,center_x,center_y,longitude,latitude,distance_from_center,match_confidence,main_image
tile_113.tif,4480,4480,4800,4800,-82.73112455124802,27.53112455124801,131.52186130069785,0.99797922372818,20241011aC0824415w273215n.tif
tile_98.tif,3840,4480,4160,4800,-82.73198785448753,27.53112455124801,554.8495291518233,0.9987887144088744,20241011aC0824415w273215n.tif
tile_112.tif,4480,3840,4800,4160,-82.73112455124802,27.53198785448752,554.8495291518233,0.9980966448783876,20241011aC0824415w273215n.tif
tile_128.tif,5120,4480,5440,4800,-82.7302612480085,27.53112455124801,738.8761736583472,0.9983781576156616,20241011aC0824415w273215n.tif
tile_114.tif,4480,5120,4800,5440,-82.73112455124802,27.530261248008497,738.8761736583472,0.998474657535553,20241011aC0824415w273215n.tif
tile_97.tif,3840,3840,4160,4160,-82.73198785448753,27.53198785448752,773.574818618083,0.9979292750358582,20241011aC0824415w273215n.tif
tile_99.tif,3840,5120,4160,5440,-82.73198785448753,27.530261248008497,914.602645961622,0.9984999299049376,20241011aC0824415w273215n.tif
tile_127.tif,5120,3840,5440,4160,-82.7302612480085,27.53198785448752,914.602645961622,0.9973974227905272,20241011aC0824415w273215n.tif
tile_129.tif,5120,5120,5440,5440,-82.7302612480085,27.530261248008497,1036.6185412194786,0.9982035160064696,20241011aC0824415w273215n.tif
tile_83.tif,3200,4480,3520,4800,-82.73285115772704,27.53112455124801,1190.637644289815,0.998182773590088,20241011aC0824415w273215n.tif
tile_111.tif,4480,3200,4800,3520,-82.73112455124802,27.53285115772703,1190.637644289815,0.995394229888916,20241011aC0824415w273215n.tif
tile_96.tif,3840,3200,4160,3520,-82.73198785448753,27.53285115772703,1306.9728382793576,0.9969242811203004,20241011aC0824415w273215n.tif
tile_82.tif,3200,3840,3520,4160,-82.73285115772704,27.53198785448752,1306.9728382793576,0.998296558856964,20241011aC0824415w273215n.tif
tile_143.tif,5760,4480,6080,4800,-82.72939794476899,27.53112455124801,1376.1460678285573,0.9978139996528624,20241011aC0824415w273215n.tif
tile_115.tif,4480,5760,4800,6080,-82.73112455124802,27.529397944768984,1376.1460678285573,0.9981781840324402,20241011aC0824415w273215n.tif
tile_84.tif,3200,5120,3520,5440,-82.73285115772704,27.530261248008497,1395.0835100451873,0.9986914992332458,20241011aC0824415w273215n.tif
tile_126.tif,5120,3200,5440,3520,-82.7302612480085,27.53285115772703,1395.0835100451873,0.9944409728050232,20241011aC0824415w273215n.tif
tile_142.tif,5760,3840,6080,4160,-82.72939794476899,27.53198785448752,1477.9506081056973,0.9959929585456848,20241011aC0824415w273215n.tif
tile_100.tif,3840,5760,4160,6080,-82.73198785448753,27.529397944768984,1477.9506081056973,0.9987418055534364,20241011aC0824415w273215n.tif
tile_144.tif,5760,5120,6080,5440,-82.72939794476899,27.530261248008497,1556.4118992092035,0.9983243942260742,20241011aC0824415w273215n.tif
tile_130.tif,5120,5760,5440,6080,-82.7302612480085,27.529397944768984,1556.4118992092035,0.9984350204467772,20241011aC0824415w273215n.tif
tile_81.tif,3200,3200,3520,3520,-82.73285115772704,27.53285115772703,1678.6714985368635,0.9983880519866944,20241011aC0824415w273215n.tif
tile_141.tif,5760,3200,6080,3520,-82.72939794476899,27.53285115772703,1814.9650134368983,0.994141399860382,20241011aC0824415w273215n.tif
tile_85.tif,3200,5760,3520,6080,-82.73285115772704,27.529397944768984,1814.9650134368983,0.9988707900047302,20241011aC0824415w273215n.tif
tile_110.tif,4480,2560,4800,2880,-82.73112455124802,27.533714460966543,1829.3654637605905,0.9939514398574828,20241011aC0824415w273215n.tif
tile_68.tif,2560,4480,2880,4800,-82.73371446096654,27.53112455124801,1829.3654637605905,0.9982982873916626,20241011aC0824415w273215n.tif
tile_95.tif,3840,2560,4160,2880,-82.73198785448753,27.533714460966543,1907.1282075413808,0.994830310344696,20241011aC0824415w273215n.tif
tile_67.tif,2560,3840,2880,4160,-82.73371446096654,27.53198785448752,1907.1282075413808,0.998060703277588,20241011aC0824415w273215n.tif
tile_145.tif,5760,5760,6080,6080,-82.72939794476899,27.529397944768984,1941.7152211382595,0.9984987378120422,20241011aC0824415w273215n.tif
tile_125.tif,5120,2560,5440,2880,-82.7302612480085,27.533714460966543,1968.5573397795656,0.9221458435058594,20241011aC0824415w273215n.tif
tile_69.tif,2560,5120,2880,5440,-82.73371446096654,27.530261248008497,1968.5573397795656,0.9984273314476012,20241011aC0824415w273215n.tif
tile_158.tif,6400,4480,6720,4800,-82.72853464152948,27.53112455124801,2015.147141029657,0.9973613619804382,20241011aC0824415w273215n.tif
tile_116.tif,4480,6400,4800,6720,-82.73112455124802,27.528534641529475,2015.147141029657,0.9982987642288208,20241011aC0824415w273215n.tif
tile_157.tif,6400,3840,6720,4160,-82.72853464152948,27.53198785448752,2085.9956855180694,0.9935734272003174,20241011aC0824415w273215n.tif
tile_101.tif,3840,6400,4160,6720,-82.73198785448753,27.528534641529475,2085.9956855180694,0.9974707365036012,20241011aC0824415w273215n.tif
tile_131.tif,5120,6400,5440,6720,-82.7302612480085,27.528534641529475,2142.3020328609127,0.9986423254013062,20241011aC0824415w273215n.tif
tile_159.tif,6400,5120,6720,5440,-82.72853464152948,27.530261248008497,2142.3020328609127,0.9980592131614684,20241011aC0824415w273215n.tif
tile_80.tif,3200,2560,3520,2880,-82.73285115772704,27.533714460966543,2178.7377079400817,0.998023509979248,20241011aC0824415w273215n.tif
tile_66.tif,2560,3200,2880,3520,-82.73371446096654,27.53285115772703,2178.7377079400817,0.9979920387268066,20241011aC0824415w273215n.tif
tile_120.tif,5108,6448,5428,6768,-82.73027743494424,27.52846989378651,2183.474753689632,0.4307196140289306,20241011aC0824415w273215n.tif
tile_223.tif,3468,6379,3788,6699,-82.73248964949549,27.52856296866702,2193.769586807147,0.4866105616092682,20241011aC0824415w273215n.tif
tile_60.tif,5131,6451,5451,6771,-82.73024640998408,27.528465847052576,2193.9990884227823,0.4671747088432312,20241011aC0824415w273215n.tif
tile_135.tif,2254,3594,2574,3914,-82.73412722782794,27.532319686670206,2275.640129721745,0.557108998298645,20241011aC0824415w273215n.tif
tile_70.tif,2560,5760,2880,6080,-82.73371446096654,27.529397944768984,2285.401058895353,0.9987820982933044,20241011aC0824415w273215n.tif
tile_140.tif,5760,2560,6080,2880,-82.72939794476899,27.533714460966543,2285.401058895353,0.9412432312965392,20241011aC0824415w273215n.tif
tile_30.tif,2219,3572,2539,3892,-82.73417443972384,27.532349362719067,2316.128018914326,0.468186616897583,20241011aC0824415w273215n.tif
tile_180.tif,2213,3579,2533,3899,-82.73418253319171,27.532339920339883,2319.297307375663,0.3716290295124054,20241011aC0824415w273215n.tif
tile_225.tif,2218,3554,2538,3874,-82.73417578863516,27.53237364312268,2323.45647688955,0.5235921740531921,20241011aC0824415w273215n.tif
tile_156.tif,6400,3200,6720,3520,-82.72853464152948,27.53285115772703,2336.907785942783,0.9939207434654236,20241011aC0824415w273215n.tif
tile_86.tif,3200,6400,3520,6720,-82.73285115772704,27.528534641529475,2336.907785942783,0.9976738095283508,20241011aC0824415w273215n.tif
tile_222.tif,4876,2058,5196,2378,-82.73059038236856,27.534391614445035,2379.7819227820014,0.4990629255771637,20241011aC0824415w273215n.tif
tile_146.tif,5760,6400,6080,6720,-82.72939794476899,27.528534641529475,2436.6571363242715,0.9986775517463684,20241011aC0824415w273215n.tif
tile_160.tif,6400,5760,6720,6080,-82.72853464152948,27.529397944768984,2436.6571363242715,0.9983895421028136,20241011aC0824415w273215n.tif
tile_109.tif,4480,1920,4800,2240,-82.73112455124802,27.534577764206052,2468.7523164546096,0.9660749435424804,20241011aC0824415w273215n.tif
tile_53.tif,1920,4480,2240,4800,-82.73457776420605,27.53112455124801,2468.7523164546096,0.9992069602012634,20241011aC0824415w273215n.tif
tile_220.tif,1904,4350,2224,4670,-82.73459934678705,27.53129990971853,2483.275659285533,0.4313604533672333,20241011aC0824415w273215n.tif
tile_90.tif,2039,3565,2359,3885,-82.73441724375996,27.532358805098248,2487.7274770360195,0.4456201195716858,20241011aC0824415w273215n.tif
tile_45.tif,2038,3556,2358,3876,-82.73441859267128,27.53237094530005,2491.658483821569,0.4727146923542022,20241011aC0824415w273215n.tif
tile_195.tif,2028,3576,2348,3896,-82.73443208178439,27.532343967073817,2494.51438159815,0.4457992315292358,20241011aC0824415w273215n.tif
tile_52.tif,1920,3840,2240,4160,-82.73457776420605,27.53198785448752,2526.91471957405,0.998943030834198,20241011aC0824415w273215n.tif
tile_94.tif,3840,1920,4160,2240,-82.73198785448753,27.534577764206052,2526.91471957405,0.9709465503692628,20241011aC0824415w273215n.tif
tile_75.tif,1956,3577,2276,3897,-82.73452920339884,27.532342618162502,2562.393607547443,0.4911036193370819,20241011aC0824415w273215n.tif
tile_124.tif,5120,1920,5440,2240,-82.7302612480085,27.534577764206052,2573.592430825052,0.9972087144851683,20241011aC0824415w273215n.tif
tile_54.tif,1920,5120,2240,5440,-82.73457776420605,27.530261248008497,2573.592430825052,0.9986205697059632,20241011aC0824415w273215n.tif
tile_65.tif,2560,2560,2880,2880,-82.73371446096654,27.533714460966543,2583.768178455645,0.998237371444702,20241011aC0824415w273215n.tif
tile_15.tif,1876,3577,2196,3897,-82.73463711630377,27.532342618162502,2638.4125909341774,0.569643497467041,20241011aC0824415w273215n.tif
tile_173.tif,7040,4480,7360,4800,-82.72767133828997,27.53112455124801,2654.6295410094417,0.9972938299179076,20241011aC0824415w273215n.tif
tile_117.tif,4480,7040,4800,7360,-82.73112455124802,27.527671338289963,2654.6295410094417,0.9985555410385132,20241011aC0824415w273215n.tif
tile_102.tif,3840,7040,4160,7360,-82.73198785448753,27.527671338289963,2708.8037950357348,0.9985691905021667,20241011aC0824415w273215n.tif
tile_172.tif,7040,3840,7360,4160,-82.72767133828997,27.53198785448752,2708.8037950357348,0.9927597045898438,20241011aC0824415w273215n.tif
tile_155.tif,6400,2560,6720,2880,-82.72853464152948,27.533714460966543,2718.473468695253,0.8732373714447021,20241011aC0824415w273215n.tif
tile_71.tif,2560,6400,2880,6720,-82.73371446096654,27.528534641529475,2718.473468695253,0.9982609748840332,20241011aC0824415w273215n.tif
tile_79.tif,3200,1920,3520,2240,-82.73285115772704,27.534577764206052,2737.710357214583,0.9886678457260132,20241011aC0824415w273215n.tif
tile_51.tif,1920,3200,2240,3520,-82.73457776420605,27.53285115772703,2737.710357214583,0.9984264969825744,20241011aC0824415w273215n.tif
tile_132.tif,5120,7040,5440,7360,-82.7302612480085,27.527671338289963,2752.398590320813,0.9987552762031556,20241011aC0824415w273215n.tif
tile_174.tif,7040,5120,7360,5440,-82.72767133828997,27.530261248008497,2752.398590320813,0.9982671737670898,20241011aC0824415w273215n.tif
tile_55.tif,1920,5760,2240,6080,-82.73457776420605,27.529397944768984,2823.3345533251986,0.998056948184967,20241011aC0824415w273215n.tif
tile_139.tif,5760,1920,6080,2240,-82.72939794476899,27.534577764206052,2823.3345533251986,0.8603304028511047,20241011aC0824415w273215n.tif
tile_161.tif,6400,6400,6720,6720,-82.72853464152948,27.528534641529475,2846.8119010570404,0.997897446155548,20241011aC0824415w273215n.tif
tile_221.tif,5218,7112,5538,7432,-82.73012905469994,27.52757421667552,2848.8920653475097,0.4097702801227569,20241011aC0824415w273215n.tif
tile_87.tif,3200,7040,3520,7360,-82.73285115772704,27.527671338289963,2906.4373380480783,0.997803509235382,20241011aC0824415w273215n.tif
tile_171.tif,7040,3200,7360,3520,-82.72767133828997,27.53285115772703,2906.4373380480783,0.960798680782318,20241011aC0824415w273215n.tif
tile_175.tif,7040,5760,7360,6080,-82.72767133828997,27.529397944768984,2987.22915090222,0.9984673261642456,20241011aC0824415w273215n.tif
tile_147.tif,5760,7040,6080,7360,-82.72939794476899,27.527671338289963,2987.22915090222,0.9989431500434875,20241011aC0824415w273215n.tif
tile_105.tif,3999,7364,4319,7684,-82.73177337758895,27.52723429102496,3002.178042688341,0.525591254234314,20241011aC0824415w273215n.tif
tile_64.tif,2560,1920,2880,2240,-82.73371446096654,27.534577764206052,3069.856348430656,0.997687578201294,20241011aC0824415w273215n.tif
tile_50.tif,1920,2560,2240,2880,-82.73457776420605,27.533714460966543,3069.856348430656,0.9983184933662416,20241011aC0824415w273215n.tif
tile_38.tif,1280,4480,1600,4800,-82.73544106744556,27.53112455124801,3108.391545478143,0.998540699481964,20241011aC0824415w273215n.tif
tile_108.tif,4480,1280,4800,1600,-82.73112455124802,27.535441067445568,3108.391545478143,0.9219083786010742,20241011aC0824415w273215n.tif
tile_93.tif,3840,1280,4160,1600,-82.73198785448753,27.535441067445568,3154.783352308047,0.8985274434089661,20241011aC0824415w273215n.tif
tile_37.tif,1280,3840,1600,4160,-82.73544106744556,27.53198785448752,3154.783352308047,0.99873149394989,20241011aC0824415w273215n.tif
tile_56.tif,1920,6400,2240,6720,-82.73457776420605,27.528534641529475,3184.0631275149053,0.998954176902771,20241011aC0824415w273215n.tif
tile_154.tif,6400,1920,6720,2240,-82.72853464152948,27.534577764206052,3184.0631275149053,0.8205850720405579,20241011aC0824415w273215n.tif
tile_123.tif,5120,1280,5440,1600,-82.7302612480085,27.535441067445568,3192.293532869432,0.9037679433822632,20241011aC0824415w273215n.tif
tile_39.tif,1280,5120,1600,5440,-82.73544106744556,27.530261248008497,3192.293532869432,0.998619019985199,20241011aC0824415w273215n.tif
tile_72.tif,2560,7040,2880,7360,-82.73371446096654,27.527671338289963,3221.232372866012,0.998266875743866,20241011aC0824415w273215n.tif
tile_170.tif,7040,2560,7360,2880,-82.72767133828997,27.533714460966543,3221.232372866012,0.8915402889251709,20241011aC0824415w273215n.tif
tile_188.tif,7680,4480,8000,4800,-82.72680803505045,27.53112455124801,3294.312978452412,0.995311677455902,20241011aC0824415w273215n.tif
tile_118.tif,4480,7680,4800,8000,-82.73112455124802,27.52680803505045,3294.312978452412,0.997831404209137,20241011aC0824415w273215n.tif
tile_36.tif,1280,3200,1600,3520,-82.73544106744556,27.53285115772703,3326.021346894815,0.9985021352767944,20241011aC0824415w273215n.tif
tile_78.tif,3200,1280,3520,1600,-82.73285115772704,27.535441067445568,3326.021346894815,0.94158935546875,20241011aC0824415w273215n.tif
tile_162.tif,6400,7040,6720,7360,-82.72853464152948,27.527671338289963,3330.2519424211737,0.9988630414009094,20241011aC0824415w273215n.tif
tile_176.tif,7040,6400,7360,6720,-82.72767133828997,27.528534641529475,3330.2519424211737,0.9985456466674804,20241011aC0824415w273215n.tif
tile_103.tif,3840,7680,4160,8000,-82.73198785448753,27.52680803505045,3338.121927072167,0.9983243346214294,20241011aC0824415w273215n.tif
tile_187.tif,7680,3840,8000,4160,-82.72680803505045,27.53198785448752,3338.121927072167,0.9931265711784364,20241011aC0824415w273215n.tif
tile_133.tif,5120,7680,5440,8000,-82.7302612480085,27.52680803505045,3373.5942257479637,0.9987143874168396,20241011aC0824415w273215n.tif
tile_189.tif,7680,5120,8000,5440,-82.72680803505045,27.530261248008497,3373.5942257479637,0.9978881478309632,20241011aC0824415w273215n.tif
tile_138.tif,5760,1280,6080,1600,-82.72939794476899,27.535441067445568,3396.848245064828,0.8875210881233215,20241011aC0824415w273215n.tif
tile_40.tif,1280,5760,1600,6080,-82.73544106744556,27.529397944768984,3396.848245064828,0.9988149404525756,20241011aC0824415w273215n.tif
tile_49.tif,1920,1920,2240,2240,-82.73457776420605,27.534577764206052,3488.8648583744257,0.997981071472168,20241011aC0824415w273215n.tif
tile_88.tif,3200,7680,3520,8000,-82.73285115772704,27.52680803505045,3500.402548279269,0.99818354845047,20241011aC0824415w273215n.tif
tile_186.tif,7680,3200,8000,3520,-82.72680803505045,27.53285115772703,3500.402548279269,0.921407163143158,20241011aC0824415w273215n.tif
tile_165.tif,6516,7171,6836,7491,-82.72837816781731,27.527494630908123,3504.753486338233,0.5562633872032166,20241011aC0824415w273215n.tif
tile_190.tif,7680,5760,8000,6080,-82.72680803505045,27.529397944768984,3567.769331108725,0.9981919527053832,20241011aC0824415w273215n.tif
tile_148.tif,5760,7680,6080,8000,-82.72939794476899,27.52680803505045,3567.769331108725,0.9987524151802064,20241011aC0824415w273215n.tif
tile_63.tif,2560,1280,2880,1600,-82.73371446096654,27.535441067445568,3604.355420876249,0.974327802658081,20241011aC0824415w273215n.tif
tile_35.tif,1280,2560,1600,2880,-82.73544106744556,27.533714460966543,3604.355420876249,0.9984699487686156,20241011aC0824415w273215n.tif
tile_169.tif,7040,1920,7360,2240,-82.72767133828997,27.534577764206052,3622.774903302716,0.8279261589050293,20241011aC0824415w273215n.tif
tile_57.tif,1920,7040,2240,7360,-82.73457776420605,27.527671338289963,3622.774903302716,0.998390018939972,20241011aC0824415w273215n.tif
tile_153.tif,6400,1280,6720,1600,-82.72853464152948,27.535441067445568,3702.1099389402257,0.9230605959892272,20241011aC0824415w273215n.tif
tile_41.tif,1280,6400,1600,6720,-82.73544106744556,27.528534641529475,3702.1099389402257,0.998515784740448,20241011aC0824415w273215n.tif
tile_23.tif,640,4480,960,4800,-82.73630437068508,27.53112455124801,3748.153945611092,0.998732566833496,20241011aC0824415w273215n.tif
tile_107.tif,4480,640,4800,960,-82.73112455124802,27.53630437068508,3748.153945611092,0.8708255887031555,20241011aC0824415w273215n.tif
tile_177.tif,7040,7040,7360,7360,-82.72767133828997,27.527671338289963,3751.908580975821,0.98773854970932,20241011aC0824415w273215n.tif
tile_185.tif,7680,2560,8000,2880,-82.72680803505045,27.533714460966543,3765.870151771035,0.8923802375793457,20241011aC0824415w273215n.tif
tile_73.tif,2560,7680,2880,8000,-82.73371446096654,27.52680803505045,3765.870151771035,0.9980134963989258,20241011aC0824415w273215n.tif
tile_22.tif,640,3840,960,4160,-82.73630437068508,27.53198785448752,3786.7159914627873,0.9990084171295166,20241011aC0824415w273215n.tif
tile_92.tif,3840,640,4160,960,-82.73198785448753,27.53630437068508,3786.7159914627873,0.8679628372192383,20241011aC0824415w273215n.tif
tile_24.tif,640,5120,960,5440,-82.73630437068508,27.530261248008497,3818.022786731373,0.9987512826919556,20241011aC0824415w273215n.tif
tile_122.tif,5120,640,5440,960,-82.7302612480085,27.53630437068508,3818.022786731373,0.9043025374412536,20241011aC0824415w273215n.tif
tile_163.tif,6400,7680,6720,8000,-82.72853464152948,27.52680803505045,3859.535982472504,0.9986705780029296,20241011aC0824415w273215n.tif
tile_191.tif,7680,6400,8000,6720,-82.72680803505045,27.528534641529475,3859.535982472504,0.9984257817268372,20241011aC0824415w273215n.tif
tile_210.tif,7492,6690,7812,7010,-82.72706163037707,27.52814345724907,3865.854886050432,0.4998191595077514,20241011aC0824415w273215n.tif
tile_77.tif,3200,640,3520,960,-82.73285115772704,27.53630437068508,3930.5187952737233,0.892960786819458,20241011aC0824415w273215n.tif
tile_21.tif,640,3200,960,3520,-82.73630437068508,27.53285115772703,3930.5187952737233,0.9983711838722228,20241011aC0824415w273215n.tif
tile_119.tif,4480,8320,4800,8640,-82.73112455124802,27.525944731810934,3934.0993886784304,0.9984816312789916,20241011aC0824415w273215n.tif
tile_203.tif,8320,4480,8640,4800,-82.72594473181094,27.53112455124801,3934.0993886784304,0.9911946654319764,20241011aC0824415w273215n.tif
tile_34.tif,1280,1920,1600,2240,-82.73544106744556,27.534577764206052,3967.308659532303,0.9978921413421632,20241011aC0824415w273215n.tif
tile_48.tif,1920,1280,2240,1600,-82.73457776420605,27.535441067445568,3967.308659532303,0.9934273362159728,20241011aC0824415w273215n.tif
tile_202.tif,8320,3840,8640,4160,-82.72594473181094,27.53198785448752,3970.856078983473,0.9934415221214294,20241011aC0824415w273215n.tif
tile_104.tif,3840,8320,4160,8640,-82.73198785448753,27.525944731810934,3970.856078983473,0.9988181591033936,20241011aC0824415w273215n.tif
tile_25.tif,640,5760,960,6080,-82.73630437068508,27.529397944768984,3990.631278381905,0.9985682964324952,20241011aC0824415w273215n.tif
tile_137.tif,5760,640,6080,960,-82.72939794476899,27.53630437068508,3990.631278381905,0.9111645221710204,20241011aC0824415w273215n.tif
tile_204.tif,8320,5120,8640,5440,-82.72594473181094,27.530261248008497,4000.722184806138,0.997120440006256,20241011aC0824415w273215n.tif
tile_134.tif,5120,8320,5440,8640,-82.7302612480085,27.525944731810934,4000.722184806138,0.998778998851776,20241011aC0824415w273215n.tif
tile_42.tif,1280,7040,1600,7360,-82.73544106744556,27.527671338289963,4085.567035308563,0.998065173625946,20241011aC0824415w273215n.tif
tile_168.tif,7040,1280,7360,1600,-82.72767133828997,27.535441067445568,4085.567035308563,0.8553511500358582,20241011aC0824415w273215n.tif
tile_89.tif,3200,8320,3520,8640,-82.73285115772704,27.525944731810934,4108.218348627541,0.9984065890312196,20241011aC0824415w273215n.tif
tile_201.tif,8320,3200,8640,3520,-82.72594473181094,27.53285115772703,4108.218348627541,0.8670814037322998,20241011aC0824415w273215n.tif
tile_184.tif,7680,1920,8000,2240,-82.72680803505045,27.534577764206052,4114.600588149474,0.8986464142799377,20241011aC0824415w273215n.tif
tile_58.tif,1920,7680,2240,8000,-82.73457776420605,27.52680803505045,4114.600588149474,0.9976234436035156,20241011aC0824415w273215n.tif
tile_205.tif,8320,5760,8640,6080,-82.72594473181094,27.529397944768984,4165.767396290868,0.9979742765426636,20241011aC0824415w273215n.tif
tile_149.tif,5760,8320,6080,8640,-82.72939794476899,27.525944731810934,4165.767396290868,0.9989229440689088,20241011aC0824415w273215n.tif
tile_219.tif,8518,4942,8838,5262,-82.72567764737123,27.530501354221983,4168.115401473428,0.577262282371521,20241011aC0824415w273215n.tif
tile_20.tif,640,2560,960,2880,-82.73630437068508,27.533714460966543,4168.685404297139,0.9987740516662598,20241011aC0824415w273215n.tif
tile_62.tif,2560,640,2880,960,-82.73371446096654,27.53630437068508,4168.685404297139,0.9074730277061462,20241011aC0824415w273215n.tif
tile_192.tif,7680,7040,8000,7360,-82.72680803505045,27.527671338289963,4228.741893282209,0.9985762238502502,20241011aC0824415w273215n.tif
tile_178.tif,7040,7680,7360,8000,-82.72767133828997,27.52680803505045,4228.741893282209,0.998660445213318,20241011aC0824415w273215n.tif
tile_152.tif,6400,640,6720,960,-82.72853464152948,27.53630437068508,4253.490096379678,0.9290352463722228,20241011aC0824415w273215n.tif
tile_26.tif,640,6400,960,6720,-82.73630437068508,27.528534641529475,4253.490096379678,0.9988225102424622,20241011aC0824415w273215n.tif
tile_200.tif,8320,2560,8640,2880,-82.72594473181094,27.533714460966543,4336.636715243738,0.8245093822479248,20241011aC0824415w273215n.tif
tile_74.tif,2560,8320,2880,8640,-82.73371446096654,27.525944731810934,4336.636715243738,0.9983785152435304,20241011aC0824415w273215n.tif
tile_8.tif,0,4480,320,4800,-82.73716767392459,27.53112455124801,4387.985642638317,0.998154640197754,20241011aC0824415w273215n.tif
tile_106.tif,4480,0,4800,320,-82.73112455124802,27.53716767392459,4387.985642638317,0.9242227077484132,20241011aC0824415w273215n.tif
tile_33.tif,1280,1280,1600,1600,-82.73544106744556,27.535441067445568,4393.961538293206,0.9980313181877136,20241011aC0824415w273215n.tif
tile_206.tif,8320,6400,8640,6720,-82.72594473181094,27.528534641529475,4418.2188718984935,0.997561812400818,20241011aC0824415w273215n.tif
tile_164.tif,6400,8320,6720,8640,-82.72853464152948,27.525944731810934,4418.2188718984935,0.9987483620643616,20241011aC0824415w273215n.tif
tile_7.tif,0,3840,320,4160,-82.73716767392459,27.53198785448752,4420.9702554982205,0.998416006565094,20241011aC0824415w273215n.tif
tile_91.tif,3840,0,4160,320,-82.73198785448753,27.53716767392459,4420.9702554982205,0.935905694961548,20241011aC0824415w273215n.tif
tile_9.tif,0,5120,320,5440,-82.73716767392459,27.530261248008497,4447.814969173066,0.9984473586082458,20241011aC0824415w273215n.tif
tile_121.tif,5120,0,5440,320,-82.7302612480085,27.53716767392459,4447.814969173066,0.9683277010917664,20241011aC0824415w273215n.tif
tile_19.tif,640,1920,960,2240,-82.73630437068508,27.534577764206052,4486.211987857908,0.998388171195984,20241011aC0824415w273215n.tif
tile_47.tif,1920,640,2240,960,-82.73457776420605,27.53630437068508,4486.211987857908,0.9627631902694702,20241011aC0824415w273215n.tif
tile_183.tif,7680,1280,8000,1600,-82.72680803505045,27.535441067445568,4527.394173252424,0.8469710350036621,20241011aC0824415w273215n.tif
tile_43.tif,1280,7680,1600,8000,-82.73544106744556,27.52680803505045,4527.394173252424,0.997441828250885,20241011aC0824415w273215n.tif
tile_76.tif,3200,0,3520,320,-82.73285115772704,27.53716767392459,4544.7483978763885,0.9351652264595032,20241011aC0824415w273215n.tif
tile_6.tif,0,3200,320,3520,-82.73716767392459,27.53285115772703,4544.7483978763885,0.9985013008117676,20241011aC0824415w273215n.tif
tile_27.tif,640,7040,960,7360,-82.73630437068508,27.527671338289963,4591.123827561178,0.9980261921882628,20241011aC0824415w273215n.tif
tile_167.tif,7040,640,7360,960,-82.72767133828997,27.53630437068508,4591.123827561178,0.8877777457237244,20241011aC0824415w273215n.tif
tile_10.tif,0,5760,320,6080,-82.73716767392459,27.529397944768984,4596.835650749328,0.9986050724983216,20241011aC0824415w273215n.tif
tile_136.tif,5760,0,6080,320,-82.72939794476899,27.53716767392459,4596.835650749328,0.9255942702293396,20241011aC0824415w273215n.tif
tile_199.tif,8320,1920,8640,2240,-82.72594473181094,27.534577764206052,4642.6908146031,0.940118134021759,20241011aC0824415w273215n.tif
tile_59.tif,1920,8320,2240,8640,-82.73457776420605,27.525944731810934,4642.6908146031,0.9977191686630248,20241011aC0824415w273215n.tif
tile_193.tif,7680,7680,8000,8000,-82.72680803505045,27.52680803505045,4657.005260894602,0.9988643527030944,20241011aC0824415w273215n.tif
tile_207.tif,8320,7040,8640,7360,-82.72594473181094,27.527671338289963,4744.143547575263,0.998325526714325,20241011aC0824415w273215n.tif
tile_179.tif,7040,8320,7360,8640,-82.72767133828997,27.525944731810934,4744.143547575263,0.998683750629425,20241011aC0824415w273215n.tif
tile_5.tif,0,2560,320,2880,-82.73716767392459,27.533714460966543,4752.230844561321,0.9984188079833984,20241011aC0824415w273215n.tif
tile_61.tif,2560,0,2880,320,-82.73371446096654,27.53716767392459,4752.230844561321,0.9516278505325316,20241011aC0824415w273215n.tif
tile_151.tif,6400,0,6720,320,-82.72853464152948,27.53716767392459,4826.793759836854,0.8487840294837952,20241011aC0824415w273215n.tif
tile_11.tif,0,6400,320,6720,-82.73716767392459,27.528534641529475,4826.793759836854,0.99782532453537,20241011aC0824415w273215n.tif
tile_32.tif,1280,640,1600,960,-82.73544106744556,27.53630437068508,4867.592628805332,0.9910100698471068,20241011aC0824415w273215n.tif
tile_18.tif,640,1280,960,1600,-82.73630437068508,27.535441067445568,4867.592628805332,0.99770188331604,20241011aC0824415w273215n.tif
tile_182.tif,7680,640,8000,960,-82.72680803505045,27.53630437068508,4988.372279611857,0.8622222542762756,20241011aC0824415w273215n.tif
tile_28.tif,640,7680,960,8000,-82.73630437068508,27.52680803505045,4988.372279611857,0.997408390045166,20241011aC0824415w273215n.tif
tile_44.tif,1280,8320,1600,8640,-82.73544106744556,27.525944731810934,5012.17896727561,0.997735857963562,20241011aC0824415w273215n.tif
tile_198.tif,8320,1280,8640,1600,-82.72594473181094,27.535441067445568,5012.17896727561,0.8522664904594421,20241011aC0824415w273215n.tif
tile_46.tif,1920,0,2240,320,-82.73457776420605,27.53716767392459,5033.076395208004,0.9706472754478456,20241011aC0824415w273215n.tif
tile_4.tif,0,1920,320,2240,-82.73716767392459,27.534577764206052,5033.076395208004,0.9980475902557372,20241011aC0824415w273215n.tif
tile_12.tif,0,7040,320,7360,-82.73716767392459,27.527671338289963,5126.809729256587,0.9975448250770568,20241011aC0824415w273215n.tif
tile_166.tif,7040,0,7360,320,-82.72767133828997,27.53716767392459,5126.809729256587,0.9432043433189392,20241011aC0824415w273215n.tif
tile_194.tif,7680,8320,8000,8640,-82.72680803505045,27.525944731810934,5129.555341352699,0.9983850121498108,20241011aC0824415w273215n.tif
tile_208.tif,8320,7680,8640,8000,-82.72594473181094,27.52680803505045,5129.555341352699,0.9932761788368224,20241011aC0824415w273215n.tif
tile_150.tif,8766,7331,9086,7651,-82.72534311736591,27.52727880509825,5276.625531530544,0.5016101598739624,20241011aC0824415w273215n.tif
tile_17.tif,640,640,960,960,-82.73630437068508,27.53630437068508,5299.058218211987,0.9961332082748412,20241011aC0824415w273215n.tif
tile_31.tif,1280,0,1600,320,-82.73544106744556,27.53716767392459,5375.799289408041,0.9569990634918212,20241011aC0824415w273215n.tif
tile_3.tif,0,1280,320,1600,-82.73716767392459,27.535441067445568,5375.799289408041,0.9982187747955322,20241011aC0824415w273215n.tif
tile_29.tif,640,8320,960,8640,-82.73630437068508,27.525944731810934,5432.172493579342,0.9979041814804076,20241011aC0824415w273215n.tif
tile_197.tif,8320,640,8640,960,-82.72594473181094,27.53630437068508,5432.172493579342,0.9321060180664062,20241011aC0824415w273215n.tif
tile_181.tif,7680,0,8000,320,-82.72680803505045,27.53716767392459,5485.400441171091,0.9639748334884644,20241011aC0824415w273215n.tif
tile_13.tif,0,7680,320,8000,-82.73716767392459,27.52680803505045,5485.400441171091,0.997852087020874,20241011aC0824415w273215n.tif
tile_209.tif,8320,8320,8640,8640,-82.72594473181094,27.525944731810934,5562.101940813383,0.99838525056839,20241011aC0824415w273215n.tif
tile_224.tif,8593,8115,8913,8435,-82.72557647902283,27.52622125862985,5620.35763986599,0.541290819644928,20241011aC0824415w273215n.tif
tile_16.tif,640,0,960,320,-82.73630437068508,27.53716767392459,5769.38280927865,0.960414469242096,20241011aC0824415w273215n.tif
tile_2.tif,0,640,320,960,-82.73716767392459,27.53630437068508,5769.38280927865,0.997934877872467,20241011aC0824415w273215n.tif
tile_196.tif,8320,0,8640,320,-82.72594473181094,27.53716767392459,5891.880684467396,0.873568594455719,20241011aC0824415w273215n.tif
tile_14.tif,0,8320,320,8640,-82.73716767392459,27.525944731810934,5891.880684467396,0.9982409477233888,20241011aC0824415w273215n.tif
tile_218.tif,187,8775,507,9095,-82.73691542750929,27.5253309771641,6074.087915070048,0.4796382486820221,20241011aC0824415w273215n.tif
tile_217.tif,177,8774,497,9094,-82.73692891662242,27.52533232607541,6080.285272912777,0.5364733338356018,20241011aC0824415w273215n.tif
tile_216.tif,177,8775,497,9095,-82.73692891662242,27.5253309771641,6081.006824531609,0.5452114343643188,20241011aC0824415w273215n.tif
tile_212.tif,153,8754,473,9074,-82.7369612904939,27.525359304301645,6082.5525069661335,0.5354444980621338,20241011aC0824415w273215n.tif
tile_215.tif,170,8775,490,9095,-82.7369383590016,27.5253309771641,6085.855157658618,0.5434184074401855,20241011aC0824415w273215n.tif
tile_213.tif,168,8775,488,9095,-82.73694105682422,27.5253309771641,6087.241164928493,0.5483983159065247,20241011aC0824415w273215n.tif
tile_214.tif,153,8763,473,9083,-82.7369612904939,27.52534716409984,6089.017326301511,0.5396639108657837,20241011aC0824415w273215n.tif
tile_211.tif,154,8764,474,9084,-82.73695994158258,27.52534581518853,6089.040811162296,0.5446370840072632,20241011aC0824415w273215n.tif
tile_1.tif,0,0,320,320,-82.73716767392459,27.53716767392459,6204.154898130768,0.9926536679267884,20241011aC0824415w273215n.tif
